﻿<?xml version="1.0" encoding="utf-8"?>
<application>
  <fight>
    <game lockStepInterval="100" lockStepFrames="2" tickDownEnter="5000" group="1"/>
    <level round="3" sweepMs="3000"/>
    <alphabet batchEmit="1"/>
    <answer correctAwardTimeMs="2000" wrongPunishTimeMs="2000" delayProcMs="1000" genIntervalMs="1500"/>
    <statistic rightWord="1000" wrongAlphabet="100" lifeTime="100" rebornTime="30"/>
  </fight>
  <quiz tickDownEnter="15000" group="5"/>
  <package capcity="100" stack="100"/>
</application>